City_ID,City,Country,Lat,Lng,Max Temp,Humidity,Cloudiness,Wind Speed,Current Description
0,Bluff,NZ,-46.6,168.3333,51.94,81,100,2.95,overcast clouds
1,Hermanus,ZA,-34.4187,19.2345,60.91,80,45,15.28,scattered clouds
2,Birjand,IR,32.8663,59.2211,30.67,37,0,0.0,clear sky
3,Lakatoro,VU,-16.0999,167.4164,79.54,72,99,4.97,overcast clouds
4,Cape Town,ZA,-33.9258,18.4232,62.11,66,0,12.66,clear sky
5,Bredasdorp,ZA,-34.5322,20.0403,57.27,77,94,12.86,light rain
6,Inhambane,MZ,-23.865,35.3833,75.18,94,75,5.75,light rain
7,Atuona,PF,-9.8,-139.0333,78.37,75,4,14.85,clear sky
8,Dunedin,NZ,-45.8742,170.5036,58.35,78,100,4.63,moderate rain
9,Erzin,TR,36.9559,36.2,54.32,85,100,1.63,light rain
10,Jamestown,US,42.097,-79.2353,35.19,88,90,4.0,overcast clouds
11,Hun,LY,29.1268,15.9477,62.67,71,100,7.99,overcast clouds
12,Khatanga,RU,71.9667,102.5,-19.08,95,100,4.45,overcast clouds
13,East London,ZA,-33.0153,27.9116,58.14,100,40,3.44,light rain
14,Puerto Ayora,EC,-0.7393,-90.3518,68.56,92,57,3.0,broken clouds
15,Barrow,US,71.2906,-156.7887,10.42,79,90,5.75,overcast clouds
16,Chicama,PE,-7.8447,-79.1469,61.34,84,74,4.18,broken clouds
17,Busselton,AU,-33.65,115.3333,79.05,43,13,8.28,few clouds
18,Rikitea,PF,-23.1203,-134.9692,73.58,67,60,10.4,broken clouds
19,Avarua,CK,-21.2078,-159.775,78.85,73,20,11.5,few clouds
20,Albany,US,42.6001,-73.9662,33.75,82,1,4.74,clear sky
21,Isla Mujeres,MX,21.2311,-86.731,75.25,81,97,10.54,overcast clouds
22,Mineral Wells,US,32.8085,-98.1128,55.33,35,1,17.27,clear sky
23,Honningsvag,NO,70.9821,25.9704,34.79,91,100,27.49,light rain
24,Saint George,US,37.1041,-113.5841,59.34,41,1,0.0,clear sky
25,Vaini,TO,-21.2,-175.2,82.56,89,20,6.91,few clouds
26,Flin Flon,CA,54.7682,-101.865,24.53,91,100,9.35,overcast clouds
27,Nishihara,JP,26.1842,127.7558,80.26,65,40,13.8,scattered clouds
28,Saint-Philippe,RE,-21.3585,55.7679,83.48,64,24,13.2,few clouds
29,Dikson,RU,73.5069,80.5464,-6.0,95,98,5.03,overcast clouds
30,Esperance,AU,-33.8667,121.9,71.44,51,2,15.93,clear sky
31,Port Hedland,AU,-20.3167,118.5667,96.85,32,27,14.97,scattered clouds
32,Constitucion,CL,-35.3333,-72.4167,51.67,92,45,1.34,scattered clouds
33,Penzance,GB,50.1186,-5.5371,51.76,75,100,4.38,overcast clouds
34,Poum,NC,-20.2333,164.0167,77.49,75,1,21.61,clear sky
35,Castro,BR,-24.7911,-50.0119,58.68,93,96,8.63,overcast clouds
36,Kodiak,US,57.79,-152.4072,26.11,68,90,11.5,light snow
37,Ushuaia,AR,-54.8,-68.3,38.86,75,75,28.77,broken clouds
38,Qaanaaq,GL,77.484,-69.3632,-4.38,72,64,8.19,broken clouds
39,Punta Arenas,CL,-53.15,-70.9167,42.91,70,40,41.43,scattered clouds
40,Georgetown,MY,5.4112,100.3354,87.75,70,20,1.99,few clouds
41,Pangnirtung,CA,66.1451,-65.7125,18.37,74,100,8.59,overcast clouds
42,Clyde River,CA,70.4692,-68.5914,12.43,85,100,20.71,light snow
43,Saucillo,MX,28.0167,-105.2833,57.81,61,6,7.23,clear sky
44,Hobart,AU,-42.8794,147.3294,61.11,65,75,10.36,broken clouds
45,Muli,MV,2.9167,73.5667,82.71,74,62,16.53,broken clouds
46,Ostrovnoy,RU,68.0531,39.5131,29.89,94,100,9.8,light snow
47,Mount Gambier,AU,-37.8333,140.7667,58.91,58,90,14.97,overcast clouds
48,Butaritari,KI,3.0707,172.7902,82.08,75,100,14.85,overcast clouds
49,Mataura,NZ,-46.1927,168.8643,57.74,80,99,2.82,overcast clouds
50,Norman Wells,CA,65.282,-126.8329,1.44,78,90,4.61,light snow
51,Nova Zagora,BG,42.4833,26.0167,37.67,72,94,4.29,overcast clouds
52,Bandarbeyla,SO,9.4942,50.8122,78.84,69,43,9.62,scattered clouds
53,Tuktoyaktuk,CA,69.4541,-133.0374,-4.0,77,20,4.61,few clouds
54,Port Alfred,ZA,-33.5906,26.891,63.14,74,53,2.62,light rain
55,Klaksvik,FO,62.2266,-6.589,41.92,83,100,8.72,overcast clouds
56,Hithadhoo,MV,-0.6,73.0833,81.75,79,97,21.65,overcast clouds
57,Bambous Virieux,MU,-20.3428,57.7575,80.22,69,40,12.66,scattered clouds
58,Pedroso,PT,41.411,-8.749,59.25,55,0,10.36,clear sky
59,Dauphin,CA,51.1494,-100.0502,21.34,79,1,17.27,clear sky
60,Lebu,CL,-37.6167,-73.65,52.5,94,23,15.68,few clouds
61,Dingle,PH,10.9995,122.6711,87.6,67,75,5.1,broken clouds
62,Nikolskoye,RU,59.7035,30.7861,35.49,90,100,10.42,overcast clouds
63,Mayma,RU,52.0197,85.9114,16.0,56,100,7.14,overcast clouds
64,Hasaki,JP,35.7333,140.8333,64.29,64,75,17.45,broken clouds
65,Yellowknife,CA,62.456,-114.3525,0.28,84,75,9.22,light snow
66,Carnarvon,AU,-24.8667,113.6333,77.07,61,0,16.11,clear sky
67,Chuy,UY,-33.6971,-53.4616,58.48,78,0,7.45,clear sky
68,Cidreira,BR,-30.1811,-50.2056,62.02,73,0,6.62,clear sky
69,Gamba,GA,-2.65,10.0,73.15,89,100,2.51,light rain
70,Tel Aviv-Yafo,IL,32.0805,34.7805,63.7,88,40,8.05,scattered clouds
71,San Mariano,PH,7.5,126.0,87.15,78,72,1.61,broken clouds
72,Sitka,US,57.0531,-135.33,31.89,80,90,5.75,overcast clouds
73,Lunavada,IN,23.1333,73.6167,82.09,47,36,10.85,scattered clouds
74,Aleksandrov Gay,RU,50.147,48.5704,35.4,84,100,12.8,overcast clouds
75,Codrington,AU,-38.2667,141.9667,58.42,53,9,11.45,clear sky
76,Ribeira Grande,PT,38.5167,-28.7,65.89,76,99,21.07,overcast clouds
77,San Patricio,US,28.017,-97.5169,64.24,80,0,4.81,clear sky
78,Bilma,NE,18.6853,12.9164,74.5,23,100,8.08,overcast clouds
79,Sept-Iles,CA,50.2001,-66.3821,30.06,69,20,10.0,few clouds
80,Gao,ML,16.6362,1.637,73.51,19,24,11.95,few clouds
81,Yeppoon,AU,-23.1333,150.7333,85.78,55,1,10.42,clear sky
82,Hammerfest,NO,70.6634,23.6821,34.25,93,75,26.46,light rain and snow
83,Waipawa,NZ,-41.4122,175.5153,63.45,38,41,8.37,scattered clouds
84,Konevo,RU,62.1215,39.3192,30.04,96,99,5.46,overcast clouds
85,Ballina,AU,-28.8667,153.5667,87.98,69,75,9.22,broken clouds
86,Provideniya,RU,64.3833,-173.3,11.44,66,1,8.72,clear sky
87,Narsaq,GL,60.9167,-46.05,35.82,95,100,16.15,moderate rain
88,Le Vauclin,MQ,14.5452,-60.8388,77.85,88,20,2.3,few clouds
89,Longyearbyen,SJ,78.2186,15.6401,10.24,52,20,13.8,few clouds
90,New Norfolk,AU,-42.7826,147.0587,60.75,57,80,1.01,broken clouds
91,Gigmoto,PH,13.7796,124.39,83.34,79,72,4.99,broken clouds
92,Taldan,RU,53.6667,124.8,15.48,52,100,0.81,overcast clouds
93,Port Elizabeth,ZA,-33.918,25.5701,57.49,94,0,3.44,light rain
94,Saskylakh,RU,71.9167,114.0833,-20.54,96,40,7.38,scattered clouds
95,Oktyabrskoye,RU,43.0645,44.7417,26.74,100,15,6.71,few clouds
96,Sao Jose Da Coroa Grande,BR,-8.8978,-35.1478,77.13,79,29,8.61,scattered clouds
97,Bonavista,CA,48.6499,-53.1147,53.11,88,100,30.13,light rain
98,Vardo,NO,70.3705,31.1107,35.31,85,100,22.1,light rain
99,Saldanha,ZA,-33.0117,17.9442,51.85,77,12,13.33,few clouds
100,Kieta,PG,-6.2167,155.6333,84.02,62,100,7.61,overcast clouds
101,Chokurdakh,RU,70.6333,147.9167,-11.54,98,100,4.38,overcast clouds
102,College,US,64.8569,-147.8028,-15.41,73,20,0.0,few clouds
103,Orito,CO,0.6766,-76.8771,71.42,97,89,3.06,overcast clouds
104,Ilovlya,RU,49.3033,43.9796,33.1,87,67,11.59,broken clouds
105,Dossor,KZ,47.5272,52.9811,29.05,65,63,14.03,broken clouds
106,Coquimbo,CL,-29.9533,-71.3436,56.93,88,90,5.75,overcast clouds
107,Tautira,PF,-17.7333,-149.15,82.42,73,22,16.87,few clouds
108,San Rafael,AR,-34.6177,-68.3301,67.08,49,3,8.01,clear sky
109,Victoria,HK,22.2855,114.1577,82.36,78,28,1.01,scattered clouds
110,Kaoma,ZM,-14.7833,24.8,65.1,96,100,4.65,light rain
111,Berlevag,NO,70.8578,29.0864,34.38,89,100,21.83,light rain
112,Roald,NO,62.5833,6.1333,47.34,83,100,29.39,light rain
113,Kapaa,US,22.0752,-159.319,80.58,79,40,9.22,scattered clouds
114,Madimba,TZ,-10.4,40.3333,82.29,61,78,6.55,broken clouds
115,Cap-Aux-Meules,CA,47.3821,-61.8597,39.22,81,74,17.27,broken clouds
116,Akyab,MM,20.15,92.9,84.61,59,20,2.75,few clouds
117,Grand Island,US,40.925,-98.342,42.03,52,1,4.61,clear sky
118,Nsoko,SZ,-27.0333,31.95,64.72,74,100,3.13,overcast clouds
119,Haines Junction,CA,60.7522,-137.5108,-25.65,75,10,1.14,clear sky
120,Kasempa,ZM,-13.4584,25.8338,65.19,93,96,1.16,light rain
121,Vyartsilya,RU,62.1764,30.693,32.76,78,92,8.79,overcast clouds
122,Batasan,PH,12.7667,120.7833,84.22,71,82,4.9,broken clouds
123,Fairbanks,US,64.8378,-147.7164,-15.39,73,1,0.0,clear sky
124,Adrar,MR,20.5022,-10.0711,72.52,26,100,9.22,overcast clouds
125,Nanortalik,GL,60.1432,-45.2371,33.24,97,100,25.03,snow
126,Muros,ES,42.7762,-9.0603,52.3,66,50,6.58,scattered clouds
127,Adre,TD,13.4667,22.2,68.99,27,0,15.01,clear sky
128,Maraa,BR,-1.8333,-65.3667,73.17,97,98,1.95,overcast clouds
129,Nizhniy Baskunchak,RU,48.2198,46.8311,38.05,80,100,8.1,overcast clouds
130,Bethel,US,41.3712,-73.414,39.49,71,1,0.0,clear sky
131,Nurota,UZ,40.5614,65.6886,33.89,30,0,1.68,clear sky
132,Kodinsk,RU,58.6881,99.1844,6.8,78,99,7.4,overcast clouds
133,Kiama,AU,-34.6833,150.8667,69.01,98,100,11.5,moderate rain
134,Bathsheba,BB,13.2167,-59.5167,79.41,78,40,16.11,scattered clouds
135,Kenai,US,60.5544,-151.2583,-1.97,84,1,0.0,clear sky
136,Port Augusta,AU,-32.5,137.7667,61.7,85,100,10.25,light rain
137,Vanavara,RU,60.34,102.2797,3.29,88,100,6.69,overcast clouds
138,Komsomolskiy,UZ,40.4272,71.7189,36.32,55,0,2.3,clear sky
139,Moussoro,TD,13.6408,16.4901,76.91,21,4,9.82,clear sky
140,Arraial Do Cabo,BR,-22.9661,-42.0278,73.08,92,100,12.75,overcast clouds
141,Ombessa,CM,4.603,11.2565,69.71,97,55,3.31,broken clouds
142,Cernay,FR,47.8097,7.177,40.21,92,12,3.13,few clouds
143,Faanui,PF,-16.4833,-151.75,80.26,79,18,17.18,light rain
144,Hamilton,US,39.1834,-84.5333,33.94,80,1,0.0,clear sky
145,Ocos,GT,14.5094,-92.1933,81.0,80,100,4.56,overcast clouds
146,Broken Hill,AU,-31.95,141.4333,71.31,60,40,10.36,scattered clouds
147,Hilo,US,19.7297,-155.09,74.93,88,90,0.0,overcast clouds
148,Torbay,CA,47.6666,-52.7314,54.28,93,90,28.77,light intensity drizzle
149,Sandnessjoen,NO,66.0217,12.6316,42.78,88,100,5.99,overcast clouds
150,Marzuq,YE,14.4,46.4667,73.06,37,3,3.62,clear sky
151,Talavera De La Reina,ES,39.9635,-4.8308,54.61,77,98,14.52,overcast clouds
152,Husavik,IS,66.0449,-17.3389,31.91,89,100,17.72,light snow
153,Coos Bay,US,43.3665,-124.2179,46.15,99,1,8.05,clear sky
154,Hailar,CN,49.2,119.7,22.44,67,100,4.27,overcast clouds
155,Biloela,AU,-24.4167,150.5,90.45,31,4,3.6,clear sky
156,Tasiilaq,GL,65.6145,-37.6368,26.76,76,100,4.81,overcast clouds
157,Bubaque,GW,11.2833,-15.8333,83.41,68,58,11.03,broken clouds
158,Tucuman,AR,-26.8241,-65.2226,75.2,41,0,13.8,clear sky
159,San Quintin,MX,30.4833,-115.95,59.92,89,89,7.11,overcast clouds
160,Tommot,RU,58.9564,126.2925,-0.56,90,55,0.89,broken clouds
161,Tessalit,ML,20.1986,1.0114,69.6,19,63,9.64,broken clouds
162,Ahipara,NZ,-35.1667,173.1667,68.18,62,69,3.44,broken clouds
163,San Juan Del Sur,NI,11.2529,-85.8705,77.63,83,64,17.92,broken clouds
164,Portland,US,45.5234,-122.6762,46.98,90,75,0.0,broken clouds
165,Kidal,ML,18.4411,1.4078,72.9,14,93,11.18,overcast clouds
166,Ritchie,ZA,-29.038,24.6028,54.61,33,55,12.44,broken clouds
167,Taltal,CL,-25.4,-70.4833,59.81,77,2,0.63,clear sky
168,Akureyri,IS,65.6835,-18.0878,31.93,93,90,8.05,light snow
169,Gizo,SB,-8.103,156.8419,82.99,70,98,4.74,light rain
170,Binabalian,PH,16.4202,119.9279,83.57,70,62,4.38,broken clouds
171,Tuatapere,NZ,-46.1333,167.6833,50.43,95,100,1.92,overcast clouds
172,Vostok,RU,46.4856,135.8833,25.72,73,97,2.68,overcast clouds
173,Kaitangata,NZ,-46.2817,169.8464,52.09,97,100,5.23,moderate rain
174,Chara,RU,56.9064,118.2631,4.8,94,100,1.61,overcast clouds
175,Kavieng,PG,-2.5744,150.7967,83.73,69,92,5.79,light rain
176,Ozinki,RU,51.1786,49.6769,34.02,98,100,15.79,overcast clouds
177,Mar Del Plata,AR,-38.0023,-57.5575,59.09,94,75,5.99,fog
178,Tiznit,MA,29.5833,-9.5,56.01,81,15,2.42,few clouds
179,Kaohsiung,TW,22.6163,120.3133,88.09,71,75,5.99,broken clouds
180,Necochea,AR,-38.5473,-58.7368,47.03,81,0,9.35,clear sky
181,Phek,IN,25.6667,94.5,66.79,39,23,1.34,few clouds
182,Vila Velha,BR,-20.3297,-40.2925,76.95,92,75,5.01,broken clouds
183,Bonthe,SL,7.5264,-12.505,78.67,86,11,2.55,few clouds
184,Khorixas,NA,-20.3667,14.9667,67.32,19,39,2.89,scattered clouds
185,Bethanien,NA,-26.502,17.1583,63.81,35,7,2.71,clear sky
186,San Bartolo,MX,19.1833,-100.05,52.48,82,15,6.87,few clouds
187,Okhotsk,RU,59.3833,143.3,13.21,78,15,14.38,few clouds
188,Leningradskiy,RU,69.3833,178.4167,-3.59,82,90,4.54,overcast clouds
189,Port Blair,IN,11.6667,92.75,84.4,72,66,12.03,broken clouds
190,Viedma,AR,-40.8135,-62.9967,64.96,46,6,19.71,clear sky
191,Ust-Nera,RU,64.5667,143.2,-14.73,100,97,0.85,overcast clouds
192,Faya,SA,18.3851,42.4509,55.51,63,2,6.67,clear sky
193,Severo-Kurilsk,RU,50.6789,156.125,40.32,97,100,15.46,moderate rain
194,Ingham,US,42.6,-84.3833,33.75,81,1,4.61,clear sky
195,Ilulissat,GL,69.2167,-51.1,14.02,44,92,9.22,overcast clouds
196,Kaliua,TZ,-5.0606,31.7936,74.68,55,47,1.57,scattered clouds
197,Taywarah,AF,33.35,64.4167,37.4,28,0,3.27,clear sky
198,Mitsamiouli,KM,-11.3847,43.2844,82.69,65,20,14.97,few clouds
199,Plettenberg Bay,ZA,-34.0527,23.3716,60.42,67,2,1.79,clear sky
200,Wroclaw,PL,51.1,17.0333,51.8,82,75,7.0,broken clouds
201,Batemans Bay,AU,-35.7167,150.1833,58.91,95,100,5.64,light rain
202,Indiana,US,40.0003,-86.2503,35.31,68,1,8.05,clear sky
203,Olafsvik,IS,64.8945,-23.7142,34.54,73,75,13.96,broken clouds
204,Great Yarmouth,GB,52.6083,1.7305,50.25,93,18,10.22,few clouds
205,Burnie,AU,-41.0667,145.9167,68.94,33,5,8.39,clear sky
206,Christchurch,NZ,-43.5333,172.6333,75.4,33,86,11.5,overcast clouds
207,Kedrovyy,RU,56.1667,91.8167,7.21,79,100,9.98,overcast clouds
208,Merrill,US,45.1805,-89.6835,31.77,68,1,5.75,clear sky
209,Yerbogachen,RU,61.2767,108.0108,3.94,89,47,5.32,scattered clouds
210,Los Llanos De Aridane,ES,28.6585,-17.9182,60.55,64,0,5.01,clear sky
211,Thompson,CA,55.7435,-97.8558,19.56,93,90,10.36,light snow
212,Raudeberg,NO,61.9875,5.1352,46.2,94,100,11.01,overcast clouds
213,Chumikan,RU,54.7183,135.315,13.3,72,7,15.23,clear sky
214,Sinnamary,GF,5.3833,-52.95,77.05,90,74,5.59,light rain
215,Kiunga,PG,-6.1219,141.2906,84.18,78,99,4.43,overcast clouds
216,Laguna,US,38.421,-121.4238,59.5,87,90,1.99,overcast clouds
217,Batabano,CU,22.7164,-82.2881,75.81,87,95,8.19,overcast clouds
218,Humaita,BR,-7.5061,-63.0208,71.96,98,99,2.19,overcast clouds
219,Linjiang,CN,41.8069,126.9078,44.78,43,0,4.43,clear sky
220,Ponta Delgada,PT,37.7333,-25.6667,65.12,68,20,9.22,few clouds
221,Tokmak,UA,47.2514,35.7058,41.5,91,99,13.27,overcast clouds
222,Grand Gaube,MU,-20.0064,57.6608,80.38,66,0,7.0,clear sky
223,Katsuura,JP,35.1333,140.3,64.51,69,56,17.56,broken clouds
224,Wanaka,NZ,-44.7,169.15,52.57,85,100,5.53,moderate rain
225,Nanakuli,US,21.3906,-158.1547,82.35,65,90,5.75,overcast clouds
226,Mahon,ES,39.8885,4.2658,55.96,94,40,6.91,scattered clouds
227,Guane,CU,22.2025,-84.0875,72.41,93,99,5.55,overcast clouds
228,Lagoa,PT,39.05,-27.9833,64.76,75,85,23.47,overcast clouds
229,Sao Joao Da Barra,BR,-21.6403,-41.0511,73.17,96,100,4.34,light rain
230,Oksfjord,NO,70.2396,22.3479,34.72,98,100,15.17,light snow
231,Meulaboh,ID,4.1363,96.1285,84.87,68,83,2.08,broken clouds
232,Cherskiy,RU,68.75,161.3,-15.54,95,5,4.47,clear sky
233,Male,MV,4.1748,73.5089,85.95,70,75,16.11,broken clouds
234,Deer Lake,CA,49.1667,-57.4316,39.06,93,90,6.91,overcast clouds
235,Caxito,AO,-8.5785,13.6643,79.45,91,81,0.98,broken clouds
236,Jibuti,DJ,11.5,42.5,72.82,52,15,10.04,few clouds
237,Cedar City,US,37.6775,-113.0619,43.77,36,75,3.44,broken clouds
238,Tecoanapa,MX,16.5167,-98.75,77.02,83,7,4.59,clear sky
239,Aklavik,CA,68.2191,-135.0107,2.23,83,100,12.93,overcast clouds
240,Coruripe,BR,-10.1256,-36.1756,76.46,81,18,10.2,few clouds
241,Athabasca,CA,54.7169,-113.2854,22.82,95,97,4.74,overcast clouds
242,Tianpeng,CN,30.9866,103.9393,54.07,65,93,4.34,overcast clouds
243,Westport,US,41.1415,-73.3579,41.83,68,1,1.99,clear sky
244,Santa Isabel Do Rio Negro,BR,-0.4139,-65.0192,73.27,99,85,1.07,overcast clouds
245,Lucea,JM,18.451,-78.1736,78.66,71,92,8.34,overcast clouds
246,Kudahuvadhoo,MV,2.6708,72.8944,82.8,73,83,17.67,broken clouds
247,Zyryanka,RU,65.75,150.85,-4.65,98,100,5.48,light snow
248,Pimentel,PE,-6.8367,-79.9342,63.16,89,91,12.44,overcast clouds
249,Moron,AR,-34.6534,-58.6198,68.97,85,1,4.0,clear sky
250,Iralaya,HN,15.0,-83.2333,79.0,83,100,10.92,overcast clouds
251,Richards Bay,ZA,-28.783,32.0377,63.52,83,100,4.0,overcast clouds
252,Kaeo,NZ,-35.1,173.7833,70.32,78,99,7.0,overcast clouds
253,Ponta Do Sol,PT,32.6667,-17.1,63.72,67,6,3.74,clear sky
254,Kahului,US,20.8947,-156.47,78.82,77,1,9.22,clear sky
255,Itaituba,BR,-4.2761,-55.9836,75.25,96,88,2.57,overcast clouds
256,Axim,GH,4.8699,-2.2405,78.15,89,82,4.54,broken clouds
257,Russell,US,32.3502,-85.1999,47.43,44,4,6.6,clear sky
258,Luderitz,NA,-26.6481,15.1594,58.89,76,5,14.99,clear sky
259,Fort Nelson,CA,58.8053,-122.7002,-4.41,77,20,2.3,few clouds
260,Kautokeino,NO,69.0125,23.0412,30.6,95,100,14.29,light snow
261,Ayia Paraskevi,GR,40.4833,23.05,51.06,67,20,3.0,few clouds
262,Labuhan,ID,-6.8844,112.2051,78.13,85,100,3.78,moderate rain
263,Lugazi,UG,0.3772,32.9197,65.88,86,95,1.39,overcast clouds
264,Karasburg,NA,-28.0167,18.75,64.13,25,33,6.64,scattered clouds
265,Baiyin,CN,36.5583,104.2081,38.28,26,40,22.88,scattered clouds
266,Rafai,CF,4.95,23.9167,70.41,89,39,0.6,scattered clouds
267,Atchison,US,39.563,-95.1216,48.79,48,100,14.32,overcast clouds
268,Paraiso,CR,9.8383,-83.8656,64.42,97,93,2.89,overcast clouds
269,Korsakov,RU,46.6328,142.7813,31.84,68,10,18.9,clear sky
270,Ugoofaaru,MV,5.6667,73.0,82.17,71,88,19.89,overcast clouds
271,Saraland,US,30.8207,-88.0706,53.62,69,0,5.26,clear sky
272,Thongwa,MM,16.7619,96.5278,87.96,61,49,6.64,scattered clouds
273,Egvekinot,RU,66.3167,-179.1667,1.06,70,47,6.15,scattered clouds
274,Gazli,UZ,40.1333,63.45,40.48,40,0,6.11,clear sky
275,Vestmannaeyjar,IS,63.4427,-20.2734,41.31,83,78,19.19,broken clouds
276,Port-Cartier,CA,50.0334,-66.8654,28.74,68,81,15.59,broken clouds
277,Graaff-Reinet,ZA,-32.2522,24.5308,54.91,75,92,3.53,overcast clouds
278,Chitipa,MW,-9.7024,33.2697,75.69,50,14,5.7,few clouds
279,Ust-Tsilma,RU,65.441,52.1498,25.72,91,96,7.47,overcast clouds
280,Nanfeng,CN,23.7434,111.7959,75.27,69,91,1.41,overcast clouds
281,Upernavik,GL,72.7868,-56.1549,6.96,61,63,9.26,broken clouds
282,Comodoro Rivadavia,AR,-45.8667,-67.5,66.06,34,0,21.85,clear sky
283,Kankan,GN,10.3854,-9.3057,70.95,43,29,2.53,scattered clouds
284,Agadez,NE,19.75,10.25,72.01,23,98,5.77,overcast clouds
285,Souillac,MU,-20.5167,57.5167,80.37,69,40,12.66,scattered clouds
286,Honiara,SB,-9.4333,159.95,83.75,73,91,1.92,overcast clouds
287,Mahina,PF,-17.5065,-149.489,82.17,74,75,9.22,broken clouds
288,Kurumkan,RU,54.3,110.3,13.71,78,100,2.57,overcast clouds
289,Camacha,PT,33.0833,-16.3333,60.22,72,20,6.91,few clouds
290,Janakkala,FI,60.9,24.6,38.43,80,70,13.2,broken clouds
291,Gunjur,GM,13.2019,-16.7339,75.27,83,0,4.61,clear sky
292,Peto,MX,20.1333,-88.9167,71.06,100,100,2.04,overcast clouds
293,Porto Velho,BR,-8.7619,-63.9039,75.25,94,20,1.14,few clouds
294,Mecca,SA,21.4267,39.8261,73.65,60,18,3.94,few clouds
295,Ayan,RU,56.45,138.1667,14.94,67,100,15.3,overcast clouds
296,Thunder Bay,CA,48.4001,-89.3168,37.56,61,75,11.5,broken clouds
297,Birao,CF,10.2849,22.7882,70.34,30,9,6.29,clear sky
298,Salym,RU,60.0625,71.4789,20.61,91,100,10.69,overcast clouds
299,Carauari,BR,-4.8828,-66.8958,71.67,97,100,1.88,overcast clouds
300,Ancud,CL,-41.8697,-73.8203,47.73,93,8,1.01,clear sky
301,Isangel,VU,-19.55,169.2667,80.71,78,75,5.75,broken clouds
302,Saint-Ambroise,CA,48.5501,-71.3324,30.74,78,82,11.14,broken clouds
303,Airai,TL,-8.9266,125.4092,73.83,70,97,1.28,overcast clouds
304,Cayenne,GF,4.9333,-52.3333,81.09,87,75,5.01,mist
305,Maidstone,GB,51.2667,0.5167,51.71,97,40,1.01,scattered clouds
306,Conde,BR,-7.2597,-34.9075,76.46,88,20,5.75,few clouds
307,Coahuayana,MX,18.7333,-103.6833,80.08,72,6,4.16,clear sky
308,Orodara,BF,10.9492,-4.9342,64.78,31,17,2.71,few clouds
309,Priyutnoye,RU,46.1011,43.5072,42.84,84,100,10.2,overcast clouds
310,Kavaratti,IN,10.5669,72.642,81.82,77,63,19.15,broken clouds
311,Nelson Bay,AU,-32.7167,152.15,69.1,89,100,1.99,light rain
312,Pevek,RU,69.7008,170.3133,-6.83,87,78,3.36,broken clouds
313,Meridian,US,43.6121,-116.3915,46.09,90,1,1.01,clear sky
314,Mareeba,AU,-17.0,145.4333,87.44,48,3,9.89,clear sky
315,Wobulenzi,UG,0.7283,32.5122,66.27,92,96,0.74,overcast clouds
316,Tanabe,JP,33.7333,135.3667,69.01,49,20,8.05,few clouds
317,Taoudenni,ML,22.6783,-3.9836,72.07,25,14,7.94,few clouds
318,Kasama,ZM,-10.2129,31.1808,72.5,59,56,2.3,broken clouds
319,Plaster Rock,CA,46.9065,-67.39,34.32,82,62,12.5,broken clouds
320,Lata,PT,40.1629,-8.3327,57.92,78,89,6.71,overcast clouds
321,Labytnangi,RU,66.6572,66.4183,5.43,96,100,7.96,light snow
322,Tinskoy,RU,56.1525,96.9161,10.9,69,94,10.11,overcast clouds
323,Barcelos,PT,41.5388,-8.6151,59.14,68,88,6.08,overcast clouds
324,Taksimo,RU,56.3444,114.8794,11.26,77,100,1.1,overcast clouds
325,Dandong,CN,40.1292,124.3947,46.92,33,88,3.6,overcast clouds
326,Wenling,CN,28.3669,121.36,72.91,72,99,8.55,overcast clouds
327,Punta Umbria,ES,37.1821,-6.9661,57.24,65,100,16.46,overcast clouds
328,Huejucar,MX,22.35,-103.2167,53.56,76,52,8.77,broken clouds
329,Yar-Sale,RU,66.8333,70.8333,0.93,96,100,22.73,light snow
330,Borovoy,RU,55.4333,86.0833,7.88,85,90,11.18,snow
331,Bella Union,UY,-30.2752,-57.6007,61.29,63,0,7.52,clear sky
332,Partyzany,UA,46.3314,34.7503,44.55,87,93,12.8,overcast clouds
333,Vila Do Maio,CV,15.1333,-23.2167,75.99,80,100,9.37,overcast clouds
334,Kruisfontein,ZA,-34.0033,24.7314,59.23,69,99,1.59,overcast clouds
335,Magadan,RU,59.5667,150.8,18.45,77,24,10.0,few clouds
336,Sobolevo,RU,54.4299,31.8996,44.22,80,99,21.81,overcast clouds
337,Ambilobe,MG,-13.2,49.05,83.91,54,27,3.65,scattered clouds
338,Okato,NZ,-39.2,173.8833,66.42,51,34,5.75,scattered clouds
339,El Seibo,DO,18.7641,-69.0375,71.85,92,95,4.07,overcast clouds
340,Port Lincoln,AU,-34.7333,135.8667,61.09,57,18,15.64,few clouds
341,Yulara,AU,-25.2406,130.9889,93.04,22,86,8.05,overcast clouds
342,Puerto Escondido,MX,15.85,-97.0667,78.13,70,58,4.97,broken clouds
343,Dublin,US,37.7021,-121.9358,58.28,93,90,5.01,mist
344,Lavrentiya,RU,65.5833,-171.0,4.86,69,26,6.06,scattered clouds
345,Qaqortoq,GL,60.7167,-46.0333,36.1,93,100,20.47,moderate rain
346,Aripuana,BR,-9.1667,-60.6333,70.3,100,100,0.81,overcast clouds
347,Newport,GB,51.5877,-2.9984,50.86,89,85,7.16,overcast clouds
348,Frontera,MX,26.9333,-101.45,56.32,38,0,3.0,clear sky
349,Lianzhou,CN,24.7811,112.3825,69.89,82,92,1.88,overcast clouds
350,Antigonish,CA,45.6169,-61.9986,40.93,95,85,1.01,overcast clouds
351,Bronnoysund,NO,65.4625,12.1997,42.8,70,90,16.11,light rain
352,Fortuna,US,40.5982,-124.1573,52.41,69,1,1.01,clear sky
353,Provost,CA,52.3501,-110.2683,26.02,89,29,6.64,scattered clouds
354,Arman,RU,59.7,150.1667,15.17,79,58,9.75,broken clouds
355,Magole,TZ,-6.3667,37.3667,70.63,67,81,2.82,broken clouds
356,Salvador,SV,13.8333,-88.9167,72.0,94,99,3.74,overcast clouds
357,Asfi,MA,32.2994,-9.2372,62.02,83,0,15.5,clear sky
358,Kirakira,SB,-10.4544,161.9205,82.06,75,71,1.99,broken clouds
359,Pisco,PE,-13.7,-76.2167,64.45,88,0,2.3,clear sky
360,Naze,JP,28.3667,129.4833,74.32,71,61,15.46,broken clouds
361,Garden City,US,42.3256,-83.331,36.14,71,75,1.01,broken clouds
362,Pergamino,AR,-33.89,-60.5736,68.25,44,0,7.16,clear sky
363,Sao Filipe,CV,14.8961,-24.4956,77.81,77,100,1.07,overcast clouds
364,Telica,NI,12.522,-86.8594,74.82,72,100,4.47,overcast clouds
365,Prince Rupert,CA,54.3161,-130.3201,44.69,87,90,14.97,moderate rain
366,Jalu,LY,29.0331,21.5482,60.22,78,71,9.06,broken clouds
367,Srednekolymsk,RU,67.45,153.6833,-4.16,100,98,4.63,overcast clouds
368,Deniliquin,AU,-35.5333,144.9667,71.01,36,100,4.92,overcast clouds
369,Biak,ID,-0.9131,122.8766,84.45,73,52,4.43,broken clouds
370,Santa Marta,CO,11.2408,-74.199,80.65,69,20,3.44,few clouds
371,Broome,US,42.2506,-75.833,33.64,76,20,1.01,few clouds
372,Lipari,IT,38.4674,14.954,61.54,70,3,11.45,clear sky
373,Pitelino,RU,54.5777,41.8145,31.64,97,100,19.95,light snow
374,Ewa Beach,US,21.3156,-158.0072,82.35,67,90,5.75,overcast clouds
375,Vanimo,PG,-2.6741,141.3028,84.29,72,98,4.81,overcast clouds
376,Mount Isa,AU,-20.7333,139.5,100.17,17,13,5.75,few clouds
377,Cabedelo,BR,-6.9811,-34.8339,77.67,75,56,12.46,broken clouds
378,Murray Bridge,AU,-35.1167,139.2667,65.57,51,91,15.39,overcast clouds
379,Brae,GB,60.3964,-1.353,46.31,77,100,15.97,overcast clouds
380,Andapa,MG,-14.65,49.65,77.94,61,62,2.75,broken clouds
381,Zapolyarnyy,RU,69.4154,30.8136,33.08,97,100,15.61,light snow
382,Tiarei,PF,-17.5333,-149.3333,82.42,73,6,18.86,clear sky
383,Punta Cardon,VE,11.6581,-70.215,79.74,82,92,18.43,overcast clouds
384,Sabha,LY,27.0377,14.4283,64.47,46,100,12.15,overcast clouds
385,Moindou,NC,-21.6924,165.677,82.35,70,32,14.16,scattered clouds
386,Waiuku,NZ,-37.25,174.75,69.67,73,80,6.26,broken clouds
387,Krikellos,GR,38.95,21.1833,53.33,73,79,4.61,broken clouds
388,Weyburn,CA,49.6668,-103.8511,26.82,80,92,6.91,overcast clouds
389,Bol,TD,13.4586,14.7147,77.85,42,4,13.98,clear sky
390,Trincomalee,LK,8.5711,81.2335,84.61,67,5,14.81,clear sky
391,Umm Lajj,SA,25.0213,37.2685,76.15,52,31,2.84,scattered clouds
392,Pekan,MY,3.4836,103.3996,87.91,70,91,3.96,overcast clouds
393,Halle,DE,51.5,12.0,52.16,83,90,1.01,overcast clouds
394,Kensington,AU,-33.9167,151.2167,72.03,83,90,3.0,light rain
395,Kachug,RU,53.9606,105.8817,14.81,66,100,5.37,overcast clouds
396,Kangaatsiaq,GL,68.3065,-53.4641,12.94,66,96,13.18,overcast clouds
397,Pochutla,MX,15.7432,-96.4661,75.81,70,65,3.24,broken clouds
398,Clyde,US,41.3042,-82.9752,33.58,80,91,7.27,overcast clouds
399,Shenjiamen,CN,29.9576,122.298,64.67,67,99,10.11,overcast clouds
400,Hambantota,LK,6.1241,81.1185,86.34,74,0,12.66,clear sky
401,Morros,BR,-9.4467,-46.3003,74.17,75,39,1.68,scattered clouds
402,Kloulklubed,PW,7.0419,134.2556,88.3,71,36,9.1,scattered clouds
403,Marquette,US,46.5333,-87.6335,29.82,63,78,15.35,broken clouds
404,Moroto,UG,2.5345,34.6666,72.55,49,77,3.58,broken clouds
405,Shenkursk,RU,62.1091,42.896,31.12,94,100,8.08,light snow
406,Te Anau,NZ,-45.4167,167.7167,54.03,93,100,3.65,light rain
407,Polson,US,47.6936,-114.1632,36.72,59,100,1.68,overcast clouds
408,Pipri,IN,19.8,75.5333,80.26,64,99,11.48,overcast clouds
409,Nouakchott,MR,18.0858,-15.9785,76.93,59,82,12.1,broken clouds
410,Ketchikan,US,55.3422,-131.6461,39.67,93,90,9.22,moderate rain
411,Mahebourg,MU,-20.4081,57.7,80.26,69,40,12.66,scattered clouds
412,Maniitsoq,GL,65.4167,-52.9,26.69,71,100,22.68,overcast clouds
413,Kalabo,ZM,-14.97,22.6814,68.65,80,100,1.54,light rain
414,Quatre Cocos,MU,-20.2078,57.7625,80.1,66,4,11.01,clear sky
415,Langsa,ID,4.4683,97.9683,89.19,58,100,2.93,overcast clouds
416,Scarborough,GB,54.2797,-0.4044,51.62,82,62,1.99,broken clouds
417,Magrath,CA,49.4167,-112.8686,27.37,86,1,9.22,clear sky
418,Vao,NC,-22.6667,167.4833,72.82,78,65,15.12,broken clouds
419,Iguaba Grande,BR,-22.8392,-42.2289,71.96,95,100,8.34,overcast clouds
420,Geraldton,AU,-28.7667,114.6,90.01,25,0,17.27,clear sky
421,Matagami,CA,49.7502,-77.6328,21.31,93,90,3.44,overcast clouds
422,Tutoia,BR,-2.7619,-42.2744,80.64,79,84,14.38,broken clouds
423,Marsaxlokk,MT,35.8419,14.5431,56.01,94,20,4.61,few clouds
424,Amga,RU,60.8953,131.9608,-10.57,93,95,0.87,overcast clouds
425,Nadym,RU,65.5333,72.5167,-0.18,96,100,24.16,light snow
426,La Romana,DO,18.4273,-68.9728,80.33,89,98,8.97,overcast clouds
427,Kushiro,JP,42.975,144.3747,45.55,45,40,9.22,scattered clouds
428,Entre Rios,BR,-11.9419,-38.0844,69.17,97,23,2.01,few clouds
429,Manzhouli,CN,49.6,117.4333,23.18,64,99,5.01,overcast clouds
430,Eirunepe,BR,-6.6603,-69.8736,72.36,99,100,2.26,overcast clouds
431,Naklo Nad Notecia,PL,53.1421,17.6018,52.45,79,36,18.37,scattered clouds
432,Maragogi,BR,-9.0122,-35.2225,76.66,80,28,8.48,scattered clouds
433,Yagodnoye,RU,62.55,149.6667,6.21,97,100,1.25,light snow
434,Ohara,JP,35.25,140.3833,64.26,69,62,16.96,broken clouds
435,Kutum,SD,14.2,24.6667,61.54,31,0,8.3,clear sky
436,Severnoye,RU,56.3491,78.3619,17.26,92,100,11.45,overcast clouds
437,Sur,OM,22.5667,59.5289,78.22,41,0,7.52,clear sky
438,Lagos,NG,6.5833,3.75,77.32,95,35,1.03,scattered clouds
439,Colesberg,ZA,-30.72,25.0972,53.96,59,0,11.97,clear sky
440,Tiksi,RU,71.6872,128.8694,-10.43,94,99,5.82,overcast clouds
441,Antofagasta,CL,-23.65,-70.4,60.08,77,17,4.21,few clouds
442,Saint-Augustin,CA,51.226,-58.6502,33.33,84,60,9.28,broken clouds
443,Chegdomyn,RU,51.1167,133.0167,18.41,80,91,2.13,overcast clouds
444,Pella,RU,59.7775,30.8181,36.03,88,100,10.31,overcast clouds
445,Atambua,ID,-9.1061,124.8925,84.47,68,99,4.25,overcast clouds
446,Gibara,CU,21.1097,-76.1317,74.52,86,100,6.22,overcast clouds
447,Lasa,IT,46.6166,10.7002,43.68,54,9,3.53,clear sky
448,Mercedes,AR,-34.6515,-59.4307,67.86,86,2,7.47,clear sky
449,Iqaluit,CA,63.7506,-68.5145,26.33,73,90,9.22,overcast clouds
450,Abadiania,BR,-16.2042,-48.7069,68.92,93,99,3.0,overcast clouds
451,Mayumba,GA,-3.432,10.6554,76.84,89,100,2.89,light rain
452,Orleans,US,30.0335,-89.9501,59.0,56,1,17.27,clear sky
453,Jogindarnagar,IN,31.9833,76.7667,69.76,19,0,3.94,clear sky
454,Verkhnetulomskiy,RU,68.6073,31.7962,26.73,98,100,3.49,overcast clouds
455,Tarko-Sale,RU,64.9225,77.785,-11.18,96,77,16.06,broken clouds
456,Qasigiannguit,GL,68.8193,-51.1922,14.25,77,95,3.87,overcast clouds
457,Tehri,IN,30.3833,78.4833,73.44,23,0,1.32,clear sky
458,Alofi,NU,-19.0595,-169.9187,82.29,78,10,11.5,clear sky
459,Lorengau,PG,-2.0226,147.2712,85.8,60,11,4.59,few clouds
460,Otane,NZ,-39.8833,176.6333,71.38,54,0,5.64,clear sky
461,Luanda,AO,-8.8368,13.2343,78.8,83,75,4.61,broken clouds
462,Namibe,AO,-15.1961,12.1522,69.76,69,54,6.85,broken clouds
463,Noumea,NC,-22.2763,166.4572,82.38,77,35,10.6,scattered clouds
464,Talant,FR,47.3369,5.0089,38.01,100,90,8.05,mist
465,Kasongo-Lunda,CD,-6.4667,16.8167,67.42,98,61,0.49,broken clouds
466,Nshamba,TZ,-1.7983,31.5511,65.26,62,77,1.5,broken clouds
467,Svetlogorsk,BY,52.6333,29.7333,47.16,76,93,20.83,overcast clouds
468,Kuruman,ZA,-27.4524,23.4325,64.98,17,66,14.63,broken clouds
469,Reykjavik,IS,64.1355,-21.8954,35.26,75,20,14.97,few clouds
470,Fairlie,GB,55.756,-4.8556,51.71,88,100,5.99,overcast clouds
471,Zhigansk,RU,66.7697,123.3711,-19.34,97,100,7.31,overcast clouds
472,Hofn,IS,64.2539,-15.2082,35.67,73,16,9.86,few clouds
473,Qui Nhon,VN,13.7667,109.2333,80.87,79,93,9.33,overcast clouds
474,Skogn,NO,63.7,11.2,40.39,88,92,10.42,overcast clouds
475,Bouca,CF,6.5105,18.2733,71.58,78,29,1.9,scattered clouds
476,Lodja,CD,-3.4833,23.4333,68.92,96,42,0.78,scattered clouds
477,Namatanai,PG,-3.6667,152.4333,82.06,74,98,3.11,overcast clouds
478,Jiazi,CN,22.8779,116.067,75.34,65,59,16.58,broken clouds
479,Huaidian,CN,33.4333,115.0333,62.38,64,98,7.83,overcast clouds
480,Port Moresby,PG,-9.4431,147.1797,89.02,70,40,23.02,scattered clouds
481,Makakilo City,US,21.3469,-158.0858,80.92,67,90,5.75,overcast clouds
482,Tonantins,BR,-2.8731,-67.8022,74.07,93,87,2.51,overcast clouds
483,Chaoyang,CN,41.5703,120.4586,39.74,47,99,3.56,overcast clouds
484,Hualmay,PE,-11.0964,-77.6139,64.22,87,100,8.08,overcast clouds
485,Verkhnyaya Tura,RU,58.3594,59.8175,27.19,87,100,10.25,overcast clouds
486,Nyuksenitsa,RU,60.4128,44.2397,29.77,96,99,6.78,overcast clouds
487,Ucluelet,CA,48.9329,-125.5528,39.09,90,93,5.48,overcast clouds
488,Tartagal,AR,-22.5164,-63.8013,68.4,67,99,2.84,overcast clouds
489,Anloga,GH,5.7947,0.8973,79.02,79,20,5.5,few clouds
490,Sidvokodvo,SZ,-26.6282,31.4202,62.73,76,100,1.68,overcast clouds
491,San Jeronimo,PE,-11.9472,-75.2829,45.45,94,100,4.5,overcast clouds
492,Coalville,GB,52.7167,-1.3667,49.26,81,90,9.22,overcast clouds
493,Homa Bay,KE,-0.5273,34.4571,65.88,68,81,2.08,broken clouds
494,Fanai,IR,38.517,44.9745,42.96,57,99,1.21,overcast clouds
495,Pacocha,PE,-17.5833,-71.3333,63.79,81,94,3.27,overcast clouds
496,Assens,DK,55.2702,9.9008,52.12,87,86,16.28,overcast clouds
497,Bousso,TD,10.4795,16.7117,75.56,29,9,5.68,clear sky
498,Bukachacha,RU,52.9833,116.9167,17.98,66,100,0.31,overcast clouds
499,Razole,IN,16.4833,81.8333,80.89,70,82,7.31,broken clouds
500,Mizdah,LY,31.4451,12.9801,55.15,87,94,5.44,overcast clouds
501,Margate,GB,51.3813,1.3862,51.51,85,41,1.99,scattered clouds
502,Cairns,AU,-16.9167,145.7667,91.06,45,2,16.11,clear sky
503,Abalak,RU,58.1286,68.5944,23.11,86,100,10.38,overcast clouds
504,Baracoa,CU,20.3467,-74.4958,78.19,87,100,6.58,overcast clouds
505,Tahta,EG,26.7693,31.5021,61.12,65,0,6.02,clear sky
506,Buala,SB,-8.145,159.5921,82.58,72,93,2.35,light rain
507,Concepcion,CL,-36.827,-73.0498,55.2,94,90,6.91,overcast clouds
508,Apache Junction,US,33.4151,-111.5496,67.86,25,40,3.0,scattered clouds
509,Juneau,US,58.3019,-134.4197,26.6,90,75,4.61,broken clouds
510,Bamut,RU,43.1599,45.1973,31.95,69,17,2.48,few clouds
511,Ferme-Neuve,CA,46.7001,-75.4493,22.78,68,35,5.01,scattered clouds
512,Formosa Do Rio Preto,BR,-11.0483,-45.1931,71.65,69,57,1.66,broken clouds
513,Pushkinskiye Gory,RU,57.0209,28.9103,41.7,80,100,17.52,overcast clouds
514,Gilgit,PK,35.9221,74.3087,46.63,37,0,3.91,clear sky
515,Sioux Lookout,CA,50.1001,-91.917,28.78,74,90,6.91,overcast clouds
516,Dobryatino,RU,55.5055,41.3195,32.05,97,100,13.09,snow
517,Japura,ID,-0.3167,102.35,81.36,82,100,2.28,overcast clouds
518,Yoichi,JP,43.2039,140.7703,45.23,54,67,8.32,broken clouds
519,Gat,IL,31.61,34.7642,62.4,66,71,4.81,broken clouds
520,Baihar,IN,22.1,80.55,76.53,51,97,4.14,overcast clouds
521,Vieques,PR,18.425,-65.8329,78.84,78,20,3.44,few clouds
522,Paragominas,BR,-2.9667,-47.4833,72.59,98,81,2.21,moderate rain
523,Koslan,RU,63.4564,48.8989,27.95,96,100,8.1,light snow
524,Naryan-Mar,RU,67.6713,53.087,24.08,96,99,10.29,light snow
525,Priiskovyy,RU,51.9333,116.6333,16.7,82,100,2.35,overcast clouds
526,Kichha,IN,28.9167,79.5,71.87,48,99,7.2,overcast clouds
527,Santa Cruz,BO,-17.8,-63.1667,71.06,88,40,3.44,scattered clouds
528,Flinders,AU,-34.5833,150.8552,68.81,93,100,10.85,light rain
529,Kinkala,CG,-4.3614,14.7644,69.49,94,100,1.74,overcast clouds
530,Asau,RO,46.4333,26.4,45.52,94,89,8.41,overcast clouds
531,Baykit,RU,61.67,96.37,-1.57,97,100,2.21,overcast clouds
532,Lake Cowichan,CA,48.825,-124.0546,46.18,98,87,2.17,overcast clouds
533,Sawakin,SD,19.1059,37.3321,78.4,70,64,9.46,broken clouds
534,Winona,US,43.9666,-91.7668,35.62,67,1,4.61,clear sky
535,Tocache,PE,-8.1842,-76.5125,70.07,99,100,0.58,overcast clouds
536,Ayacucho,PE,-13.1583,-74.2239,55.62,73,100,4.16,overcast clouds
537,Karratha,AU,-20.7377,116.8463,91.35,28,22,13.69,few clouds
538,Montepuez,MZ,-13.1256,38.9997,76.57,61,40,5.86,scattered clouds
539,Pokhara,NP,28.2333,83.9833,70.88,53,76,5.19,broken clouds
540,Suzun,RU,53.7841,82.3116,13.8,78,100,14.41,light snow
541,Shache,CN,38.4167,77.2406,38.19,30,0,4.09,clear sky
542,Nalut,LY,30.3333,10.85,59.4,76,100,16.62,overcast clouds
543,Bengkulu,ID,-3.8004,102.2655,84.83,65,100,8.39,overcast clouds
544,Charters Towers,AU,-20.1,146.2667,93.83,21,1,14.14,clear sky
545,Nyzhni Sirohozy,UA,46.8484,34.3804,41.0,93,86,11.61,overcast clouds
546,Uaua,BR,-9.8414,-39.4817,72.09,74,9,9.95,clear sky
547,Oksbol,DK,55.6268,8.2876,52.09,94,96,20.89,overcast clouds
548,Sola,VU,-13.8833,167.55,77.34,80,99,1.97,moderate rain
549,Victor Harbor,AU,-35.5667,138.6167,65.91,62,82,1.99,broken clouds
550,Tormac,RO,45.5208,21.4936,45.73,82,100,5.95,overcast clouds
551,Balkanabat,TM,39.5108,54.3671,46.02,33,47,2.06,scattered clouds
552,Daru,PG,-9.0763,143.2092,82.18,84,68,16.37,broken clouds
553,Yumen,CN,40.2833,97.2,31.12,52,77,27.63,broken clouds
554,Merke,KZ,42.8728,73.1786,40.66,49,0,7.58,clear sky
555,Kargopol,RU,61.5071,38.9456,30.43,96,78,3.56,light snow
556,Walvis Bay,NA,-22.9575,14.5053,57.09,94,49,6.91,scattered clouds
557,Aurora,US,39.7294,-104.8319,52.52,36,75,3.0,broken clouds
558,Yenagoa,NG,4.9247,6.2642,74.57,93,62,2.01,broken clouds
559,Cabo San Lucas,MX,22.8909,-109.9124,72.52,75,1,4.0,clear sky
560,Saint Augustine,US,29.8947,-81.3145,70.0,83,90,17.27,overcast clouds
561,San Francisco,US,37.7749,-122.4194,59.07,91,90,1.01,overcast clouds
562,Guerrero Negro,MX,27.9769,-114.0611,62.6,90,100,8.41,overcast clouds
563,Zevenaar,NL,51.9167,6.0667,51.1,98,86,7.36,overcast clouds
564,Santa Fe,AR,-31.6333,-60.7,70.99,53,0,1.99,light rain
565,Abha,SA,18.2164,42.5053,55.22,82,0,6.91,clear sky
566,Praia Da Vitoria,PT,38.7333,-27.0667,65.75,88,75,19.93,broken clouds
567,Ukiah,US,39.1502,-123.2078,54.01,93,1,0.0,clear sky
568,Bonoua,CI,5.2741,-3.595,78.42,93,54,3.76,broken clouds
569,Rodrigues Alves,BR,-7.738,-72.6509,72.97,95,99,1.7,moderate rain
570,Anchorage,US,61.2181,-149.9003,5.65,80,1,1.99,clear sky
571,Stykkisholmur,IS,65.0757,-22.7297,33.01,76,86,15.37,overcast clouds
572,Cravo Norte,CO,6.3017,-70.2041,78.22,67,85,4.59,overcast clouds
573,Falciu,RO,46.2961,28.1408,46.6,74,100,7.11,overcast clouds
574,Itarema,BR,-2.9248,-39.9167,80.47,74,68,16.44,broken clouds
575,Port Hardy,CA,50.6996,-127.4199,44.6,93,90,3.44,light rain
576,Preobrazheniye,RU,42.9019,133.9064,38.61,47,48,3.02,scattered clouds
577,Saeby,DK,57.3319,10.5225,47.97,82,98,15.52,overcast clouds
578,The Valley,AI,18.217,-63.0578,80.46,72,18,16.51,few clouds
579,Goderich,CA,43.7501,-81.7165,37.9,65,96,11.5,overcast clouds
580,Sakakah,SA,29.9697,40.2064,56.77,43,73,2.35,broken clouds
581,Sorland,NO,67.667,12.6934,43.9,66,94,15.05,light rain
582,Slavkov U Brna,CZ,49.1533,16.8765,48.76,75,20,9.22,few clouds
583,Dobryanka,RU,58.4619,56.4165,28.26,95,100,8.37,light snow
584,San Ramon,US,37.7799,-121.978,57.85,93,90,1.01,mist
585,San Andres,CO,12.5847,-81.7006,82.42,83,20,8.05,few clouds
586,Alice Springs,AU,-23.7,133.8833,101.75,10,0,17.27,clear sky
587,Biltine,TD,14.5333,20.9167,74.39,23,1,16.44,clear sky
588,Coromandel,BR,-18.4733,-47.2003,65.12,99,100,1.81,overcast clouds
589,Cheney,US,47.4874,-117.5758,34.99,98,75,3.44,broken clouds
590,Petropavl,KZ,54.8753,69.1628,19.38,86,20,17.9,few clouds
591,Ceres,US,37.5949,-120.9577,59.68,89,75,10.36,mist
592,Inverell,AU,-29.7833,151.1167,80.67,55,93,11.52,overcast clouds
593,Beringovskiy,RU,63.05,179.3167,4.95,98,93,13.65,overcast clouds
594,Machico,PT,32.7,-16.7667,63.72,78,20,0.0,few clouds
595,Giyon,ET,8.5333,37.9833,60.67,47,32,5.06,scattered clouds
596,Aquiraz,BR,-3.9014,-38.3911,85.21,61,59,15.32,broken clouds
597,Pereslavl-Zalesskiy,RU,56.7393,38.8563,32.68,98,100,8.57,light snow
598,Nome,US,64.5011,-165.4064,-2.13,65,1,3.44,clear sky
599,Araouane,ML,18.9048,-3.5265,71.65,27,90,11.07,overcast clouds
600,Nemuro,JP,43.3236,145.575,41.43,61,10,27.87,clear sky
601,Ozark,US,37.0209,-93.206,45.7,50,100,4.0,overcast clouds
602,Acapulco,MX,16.8634,-99.8901,77.52,82,71,3.58,broken clouds
603,Planeta Rica,CO,8.4147,-75.5883,78.04,94,54,7.38,broken clouds
604,Manali,IN,13.1667,80.2667,82.49,95,100,10.6,moderate rain
605,Labrea,BR,-7.2586,-64.7981,71.6,99,100,2.37,overcast clouds
606,Genhe,CN,50.7833,121.5167,20.28,55,100,1.72,overcast clouds
607,Jacqueville,CI,5.2052,-4.4146,78.71,84,19,9.82,few clouds
608,Petauke,ZM,-14.2426,31.3253,75.67,63,67,8.84,broken clouds
609,Nacala,MZ,-14.5428,40.6728,83.39,61,31,8.5,scattered clouds
610,Portales,US,34.1862,-103.3344,50.99,44,81,1.99,broken clouds
611,Iskitim,RU,54.6366,83.3045,12.02,93,100,16.31,light snow
612,Porto Novo,BJ,6.4965,2.6036,80.42,91,11,3.38,few clouds
613,Zhangjiakou,CN,40.81,114.8794,38.79,48,100,2.42,overcast clouds
614,Nenjiang,CN,49.1833,125.2167,20.64,67,100,3.71,overcast clouds
615,Kirovskiy,RU,45.0917,133.5136,31.69,66,96,2.28,overcast clouds
616,Hamada,JP,34.8833,132.0833,63.32,60,17,8.55,few clouds
617,Northam,GB,51.0333,-4.2167,51.03,96,100,3.44,overcast clouds
618,Iracoubo,GF,5.4802,-53.2011,76.95,90,66,5.61,broken clouds
619,La Ronge,CA,55.1001,-105.2842,26.85,80,90,3.44,light snow
620,Starychi,UA,49.98,23.5585,46.89,78,100,21.63,overcast clouds
621,Saint-Pierre,RE,-21.3393,55.4781,82.56,62,0,9.22,clear sky
622,Banda Aceh,ID,5.5577,95.3222,85.71,66,66,10.69,broken clouds
623,Itoman,JP,26.1247,127.6694,80.98,61,40,13.8,scattered clouds
624,Vestmanna,FO,62.1564,-7.1664,40.12,93,90,10.36,overcast clouds
625,Statesboro,US,32.4488,-81.7832,47.73,53,1,3.44,clear sky
626,Ko Samui,TH,9.5357,99.9357,87.71,70,20,9.22,few clouds
627,Rocha,UY,-34.4833,-54.3333,55.78,82,0,3.74,clear sky
628,Malibu,US,34.005,-118.8101,61.16,89,99,0.18,overcast clouds
629,Pierre,US,44.3683,-100.351,44.28,57,90,7.0,overcast clouds
630,Havoysund,NO,70.9963,24.6622,34.68,91,100,28.41,light snow
631,Paita,PE,-5.0892,-81.1144,63.77,88,93,10.02,overcast clouds
632,Manokwari,ID,-0.8667,134.0833,83.39,73,23,5.26,few clouds
633,Turan,VN,16.0678,108.2208,84.18,70,40,5.75,scattered clouds
634,Tabuk,PH,17.4189,121.4443,84.36,60,37,7.34,scattered clouds
635,Bestwig,DE,51.3667,8.4,48.16,90,100,6.51,overcast clouds
636,Uncia,BO,-18.467,-66.5685,47.14,64,65,3.8,broken clouds
637,Dalvik,IS,65.9702,-18.5286,31.93,91,100,12.19,light snow
638,Piombino,IT,42.9348,10.5221,57.02,80,7,4.0,clear sky
639,Palmer,US,42.1584,-72.3287,34.63,82,3,4.43,clear sky
640,Katherine,AU,-14.4667,132.2667,100.72,30,40,6.91,scattered clouds
641,Batagay-Alyta,RU,67.8006,130.4114,-15.2,97,96,1.81,overcast clouds
642,Erdenet,MN,49.0333,104.0833,16.11,80,100,2.89,overcast clouds
643,Novyy Urengoy,RU,66.0833,76.6333,-11.18,97,86,15.39,overcast clouds
644,Taicheng,CN,38.731,113.228,40.28,69,100,3.78,overcast clouds
645,Piney Green,US,34.716,-77.3202,45.93,70,1,6.91,clear sky
646,Jumla,NP,29.2747,82.1838,58.96,40,95,3.83,overcast clouds
647,Pundaguitan,PH,6.3711,126.1689,84.09,71,73,4.34,broken clouds
648,Najran,SA,17.4924,44.1277,61.45,60,2,5.5,clear sky
649,Nguruka,TZ,-5.1092,31.0419,72.95,63,17,1.34,few clouds
650,Yaan,NG,7.3833,8.5667,74.48,89,41,4.9,scattered clouds
651,San Francisco De Macoris,DO,19.2952,-70.2554,72.28,91,67,0.51,broken clouds
652,Tazovskiy,RU,67.4667,78.7,-13.85,97,82,11.99,broken clouds
653,Pozega,HR,45.3403,17.6853,41.95,68,99,2.73,overcast clouds
654,Mukhen,RU,48.1,136.1,27.43,74,100,3.49,overcast clouds
655,General Roca,AR,-39.0333,-67.5833,74.62,29,6,13.91,clear sky
656,Susangerd,IR,31.5608,48.1831,59.02,23,45,4.16,scattered clouds
657,Saint-Joseph,RE,-21.3667,55.6167,81.46,63,26,7.65,scattered clouds
658,Saurimo,AO,-9.6608,20.3916,64.81,93,66,3.04,broken clouds
659,Eenhana,NA,-17.4667,16.3333,72.63,45,89,0.92,overcast clouds
660,Mehamn,NO,71.0357,27.8492,33.28,93,100,22.35,light snow
661,Jacmel,HT,18.2342,-72.5347,76.84,79,36,4.27,scattered clouds
662,Buraydah,SA,26.326,43.975,55.85,33,9,11.32,clear sky
663,Hede,CN,33.7681,120.2517,64.94,47,80,11.77,broken clouds
664,Shar,KZ,49.5886,81.0453,8.17,76,25,15.37,scattered clouds
665,Dryden,CA,49.7833,-92.7503,28.69,80,90,9.22,overcast clouds
666,Matay,EG,28.419,30.7792,60.49,73,0,3.62,clear sky
667,Vila Franca Do Campo,PT,37.7167,-25.4333,64.81,67,96,8.1,overcast clouds
668,Benghazi,LY,32.1167,20.0667,66.99,66,6,20.13,clear sky
669,Luwuk,ID,-0.9516,122.7875,87.49,71,60,4.68,broken clouds
670,Mantua,IT,45.1667,10.7833,50.27,91,11,4.0,few clouds
671,Fort-Shevchenko,KZ,44.5086,50.263,44.06,66,100,16.04,overcast clouds
672,Xinqing,CN,48.2333,129.5,22.59,57,100,2.8,overcast clouds
673,San Angelo,US,31.4638,-100.437,57.54,53,1,8.99,clear sky
674,Srandakan,ID,-7.9386,110.2506,83.08,70,100,2.1,overcast clouds
675,Ust-Kuyga,RU,70.0167,135.6,-19.88,100,94,2.82,overcast clouds
676,Kangalassy,RU,62.3464,129.9628,-23.87,95,98,0.92,overcast clouds
677,Manoel Urbano,BR,-8.8389,-69.2597,71.31,100,90,1.79,light rain
678,Maltahohe,NA,-24.8333,16.9833,63.82,22,4,7.29,clear sky
679,Carutapera,BR,-1.195,-46.02,78.6,86,53,7.2,broken clouds
680,San Miguel,SV,13.4833,-88.1833,73.24,90,100,3.44,overcast clouds
681,Yarmouth,US,41.7057,-70.2286,42.96,56,75,28.99,broken clouds
682,La Mira,MX,18.035,-102.3266,74.14,80,3,4.32,clear sky
683,Malindi,KE,-3.2175,40.1191,80.76,89,75,0.0,light rain
684,Lompoc,US,34.6391,-120.4579,56.12,92,90,5.75,fog
685,Evensk,RU,61.95,159.2333,19.96,77,100,16.44,overcast clouds
686,Zhezkazgan,KZ,47.8043,67.7144,16.16,84,87,11.97,overcast clouds
687,Marawi,PH,7.9986,124.2928,76.64,82,72,2.82,broken clouds
688,Los Barrios,ES,36.1848,-5.4921,62.51,92,99,5.86,overcast clouds
689,Huarmey,PE,-10.0681,-78.1522,64.35,88,100,8.23,overcast clouds
690,Chernyshevskiy,RU,63.0128,112.4714,-3.77,99,94,2.06,overcast clouds
691,Hengyang,CN,26.8881,112.615,63.63,83,98,5.39,overcast clouds
692,Celestun,MX,20.8667,-90.4,75.99,85,78,12.55,broken clouds
693,Kholtoson,RU,50.2981,103.3097,16.14,79,100,3.11,overcast clouds
694,Touros,BR,-5.1989,-35.4608,79.7,77,9,13.8,clear sky
695,Ixtapa,MX,20.7,-105.2,75.22,73,5,3.69,clear sky
696,Strezhevoy,RU,60.7333,77.5889,-2.22,94,100,12.28,overcast clouds
697,Pontianak,ID,-0.0333,109.3333,85.98,66,40,4.61,scattered clouds
698,Yzeure,FR,46.5644,3.355,37.29,92,5,3.22,clear sky
699,Hutchinson,US,38.0608,-97.9298,47.35,45,1,4.0,clear sky
700,Grand-Santi,GF,4.25,-54.3833,71.96,99,47,2.21,scattered clouds
701,Talnakh,RU,69.4865,88.3972,-15.57,96,51,7.4,broken clouds
702,Caravelas,BR,-17.7125,-39.2481,75.87,89,86,9.26,overcast clouds
703,Kihei,US,20.785,-156.4656,78.84,77,1,9.22,clear sky
704,Howell,US,42.6073,-83.9294,33.94,79,1,4.61,clear sky
705,Pirai Do Sul,BR,-24.5261,-49.9486,58.75,90,91,7.2,overcast clouds
706,Atar,MR,20.5169,-13.0499,76.32,30,99,4.7,overcast clouds
707,Seminole,US,28.7086,-81.2081,72.07,93,75,1.01,broken clouds
708,Cap Estate,LC,14.0833,-60.95,80.22,79,45,9.95,scattered clouds
